date,species_name,location
2021-08-31 12:19,Pond Slider,Wauthier-Braine (étang de pêche) (Brabant Wallon)
2021-08-25 10:44,Pond Slider,Genval (Lac) (Brabant Wallon)
2021-08-15 10:22,Pond Slider,Opprebais (carrières) (Brabant Wallon)
2021-08-14 19:50,Pond Slider,Clabecq (Brabant Wallon)
2021-08-21,Common Wall Lizard,Unknown
2021-08-20,Common Wall Lizard,Unknown
2021-08-20,Common Wall Lizard,Unknown
2021-08-20,Common Wall Lizard,Unknown
2021-08-15,Common Wall Lizard,Unknown
2021-08-21 13:16,Common Lizard,Mellery (Brabant Wallon)
2021-08-21 13:13,Common Lizard,Mellery (Brabant Wallon)
2021-08-29 12:17,Slow Worm,Val de Coeurcq (réserve naturelle) (Brabant Wallon)
2021-08-27 14:39,Slow Worm,Baisy-Thy (Brabant Wallon)
2021-08-26 14:50,Slow Worm,Tilly (Brabant Wallon)
2021-08-26 14:42,Slow Worm,Tilly (Brabant Wallon)
2021-08-25 20:00,Slow Worm,Canal Bruxelles-Charleroi - tronçon de Oisquercq au plan incliné de Ronquières (Brabant Wallon)
2021-08-16 10:56,Slow Worm,Grez-Doiceau (Brabant Wallon)
2021-08-10,Slow Worm,Villers-la-Ville (Brabant Wallon)
2021-08-08 14:59,Slow Worm,Gastuche (Laurensart) (Brabant Wallon)
2021-08-30 21:54,Common Toad,Bois de Lauzelle - Ottignies (Brabant Wallon)
2021-08-30 09:20,Common Toad,Sablière de Nethen (Brabant Wallon)
2021-08-29 12:23,Common Toad,Val de Coeurcq (réserve naturelle) (Brabant Wallon)
2021-08-28,Common Toad,Ramillies-Offus (Brabant Wallon)
2021-08-20 09:42,Common Toad,GSK Wavre (Vlaams-Brabant)
2021-08-19 12:54,Common Toad,L'Ecluse (Brabant Wallon)
2021-08-18,Common Toad,Ramillies-Offus (Brabant Wallon)
2021-08-13 11:51,Common Toad,Villers-la-Ville (Brabant Wallon)
2021-08-09 22:05,Common Toad,Ramillies-Offus (Brabant Wallon)
2021-08-09 22:05,Common Toad,Ramillies-Offus (Brabant Wallon)
2021-08-08 22:35,Common Toad,Jodoigne (Brabant Wallon)
2021-08-08 15:48,Common Toad,Villers-la-Ville (Brabant Wallon)
2021-08-05 08:50,Common Toad,Wauthier-Braine (Brabant Wallon)
2021-08-04 12:34,Common Toad,Court-Saint-Etienne (Brabant Wallon)
2021-08-21 10:08,Alpine Newt,Wauthier-Braine (Brabant Wallon)
2021-08-06,Alpine Newt,Ramillies-Offus (Brabant Wallon)
2021-08-06,Alpine Newt,Ramillies-Offus (Brabant Wallon)
2021-08-03 15:59,Alpine Newt,Loupoigne (Brabant Wallon)
2021-08-10,Smooth Newt,Ramillies-Offus (Brabant Wallon)
2021-08-11 09:36,Eurasian Marsh Frog,Ophain-Bois-Seigneur-Isaac (Brabant Wallon)
2021-08-10,Eurasian Marsh Frog,Ramillies-Offus (Brabant Wallon)
2021-08-10,Eurasian Marsh Frog,Ramillies-Offus (Brabant Wallon)
2021-08-10,Eurasian Marsh Frog,Ramillies-Offus (Brabant Wallon)
2021-08-10,Eurasian Marsh Frog,Ramillies-Offus (Brabant Wallon)
2021-08-07 11:00,Eurasian Marsh Frog,Marbais (Brabant Wallon)
2021-08-06 06:30,Eurasian Marsh Frog,Ramillies-Offus (Brabant Wallon)
2021-08-06,Eurasian Marsh Frog,Ramillies-Offus (Brabant Wallon)
2021-08-06,Eurasian Marsh Frog,Ramillies-Offus (Brabant Wallon)
2021-08-02,Eurasian Marsh Frog,Ramillies-Offus (Brabant Wallon)
2021-08-31 10:57,Common Frog,Dion-le-Mont (Brabant Wallon)
2021-08-27 19:29,Common Frog,Virginal-Samme (Brabant Wallon)
2021-08-25,Common Frog,Genappe (Décanteurs) (Brabant Wallon)
2021-08-23 16:01,Common Frog,Grez-Doiceau (Brabant Wallon)
2021-08-21 13:12,Common Frog,Baisy-Thy (Brabant Wallon)
2021-08-21 09:33,Common Frog,Geest-Gérompont-Petit-Rosière (Brabant Wallon)
2021-08-20 18:19,Common Frog,Geest-Gérompont-Petit-Rosière (Brabant Wallon)
2021-08-20 18:18,Common Frog,Geest-Gérompont-Petit-Rosière (Brabant Wallon)
2021-08-20 09:49,Common Frog,La Hulpe (Brabant Wallon)
2021-08-20 09:45,Common Frog,La Hulpe (Brabant Wallon)
2021-08-20 09:44,Common Frog,La Hulpe (Brabant Wallon)
2021-08-17,Common Frog,Grand-Rosière-Hottomont (Brabant Wallon)
2021-08-09,Common Frog,La Hulpe (Etang du Gris moulin) (Brabant Wallon)
2021-08-07 14:24,Common Frog,Braine-l'Alleud (Brabant Wallon)
2021-08-07 11:13,Common Frog,Bois de Lauzelle - Ottignies (Brabant Wallon)
2021-08-07 11:03,Common Frog,Bois de Lauzelle - Ottignies (Brabant Wallon)
2021-08-05 16:50,Common Frog,Nivelles (Brabant Wallon)
2021-08-05 11:40,Common Frog,Loupoigne (Brabant Wallon)
2021-08-01 10:43,Common Frog,Court-Saint-Etienne (Brabant Wallon)
